Date,Temp_mean_anom,oecd_inds,russia_inds,us_inds,india_inds,china_inds,opec_product,nonopec_product,oecd_consump,nonoecd_consump,world_inv,geo_risk,IPG21112S,A24STI,CAPUTLG211S,vix,DX_Y_NYB,nasdaq,dgs10,cl_f
1997-12-01,0.59,4.9075320575,56.01672,83.9538,37.42739,117.9,23.44,41.9,49.88,26.34,1.16,44.193225806451615,68.9948,12203.0,93.4168,24.010000228881836,99.6500015258789,1570.3499755859375,5.808636363636364,18.332727272727272
1998-01-01,0.58,5.1387928186,53.75848,84.3218,37.6106,117.9,24.35,42.21,46.89,26.18,-3.41,53.14354838709678,69.9787,11093.0,95.8255,21.469999313354492,100.79000091552734,1619.3599853515625,5.5445,16.724
1998-02-01,0.88,4.1472478531,56.25964,84.4583,37.98297,117.9,24.81,42.12,48.32,26.18,-2.4,77.33321428571428,68.6536,10992.0,94.6905,18.549999237060547,99.81999969482422,1770.510009765625,5.574736842105263,16.06
1998-03-01,0.63,3.2583776877,55.4715,84.488,37.46576,117.9,24.75,42.07,48.12,26.18,-2.41,57.528064516129035,67.987,10916.0,94.4616,24.219999313354492,101.5,1835.6800537109375,5.647272727272727,15.115454545454547
1998-04-01,0.63,3.0605169553,54.76664,84.7779,37.93493,117.9,24.75,41.92,46.38,26.38,-3.84,50.222,69.008,10850.0,95.4318,21.18000030517578,99.70999908447266,1868.4100341796875,5.637619047619047,15.353809523809524
1998-05-01,0.68,2.9196386383,52.3716,85.3367,37.95919,117.9,24.78,41.36,44.36,26.38,-5.23,94.1116129032258,67.7089,10666.0,95.0287,21.31999969482422,100.44999694824219,1778.8699951171875,5.6525,14.914000000000001
1998-06-01,0.77,1.7759414057,51.21107,84.8248,38.54072,117.9,24.29,41.57,47.05,26.38,-2.23,75.43866666666666,67.3084,10452.0,94.2166,19.709999084472656,101.16999816894531,1894.739990234375,5.496363636363636,13.72181818181818
1998-07-01,0.66,1.1330257165,49.79147,84.4986,38.33091,117.9,24.19,41.55,47.69,26.25,-1.27,54.321935483870966,66.9191,10419.0,92.9103,24.799999237060547,101.19999694824219,1872.3900146484375,5.461363636363637,14.172727272727274
1998-08-01,0.65,1.0660107415,49.29619,86.248,38.48766,117.9,23.88,40.87,46.72,26.25,-1.53,96.28,67.1839,9967.0,93.9841,44.279998779296875,100.19999694824219,1499.25,5.341904761904762,13.47190476190476
1998-09-01,0.42,1.2903876526,46.87193,86.2021,38.41571,117.9,23.96,40.87,47.13,26.25,-1.14,61.61333333333334,62.622,9906.0,89.1061,40.95000076293945,96.16999816894531,1693.8399658203125,4.806666666666667,15.031428571428572
1998-10-01,0.42,0.8007123883,49.63369,86.7914,37.60761,117.9,23.8,41.15,47.44,27.11,-0.14,54.45129032258065,65.3757,9983.0,92.1221,28.049999237060547,93.7300033569336,1771.3900146484375,4.529999999999999,14.460909090909091
1998-11-01,0.43,0.660954707,50.42285,86.7256,39.40788,117.9,24.07,41.73,48.26,27.11,-0.32,67.06099999999999,65.034,10306.0,91.8732,26.010000228881836,96.19999694824219,1949.5400390625,4.827368421052632,13.002105263157894
1998-12-01,0.54,0.4079286993,51.80466,87.1185,39.01621,117.9,23.8,41.82,50.3,27.11,2.04,76.15677419354839,63.832,9693.0,90.9586,24.420000076293945,94.16999816894531,2192.68994140625,4.645,11.347272727272726
1999-01-01,0.48,0.965402662,52.55219,87.4949,39.70019,117.9,23.98,41.84,47.57,26.91,-1.18,64.20387096774193,63.8378,9556.0,91.7804,26.25,96.08000183105469,2505.889892578125,4.722105263157895,12.514736842105263
1999-02-01,0.64,1.1478422429,50.99362,88.027,39.33694,102.1,24.41,41.73,50.08,27.12,1.11,58.933571428571426,63.4025,9249.0,92.0285,27.8799991607666,98.68000030517578,2288.030029296875,4.998947368421053,12.013684210526316
1999-03-01,0.33,2.0400121543,52.22016,88.2267,39.21398,109.0,24.25,41.57,50.54,27.04,1.88,82.75290322580646,62.3353,9806.0,91.3568,23.260000228881836,100.0999984741211,2461.39990234375,5.232608695652174,14.676521739130434
1999-04-01,0.32,1.7287253558,51.60596,88.4295,39.83234,109.1,23.13,41.24,46.81,27.19,-0.28,105.42233333333334,62.5866,9909.0,91.7397,25.06999969482422,101.0,2542.860107421875,5.184545454545455,17.312380952380952
1999-05-01,0.26,2.4567000326,51.77595,88.9886,40.78373,108.9,23.13,41.05,44.86,27.15,-2.1,83.50935483870968,62.6115,9935.0,91.3409,25.389999389648438,102.51000213623047,2470.52001953125,5.539499999999999,17.7185
1999-06-01,0.36,2.8734800753,51.41739,88.9188,40.36361,109.1,22.64,40.5,47.66,27.2,1.81,80.96366666666667,61.7735,10165.0,91.8521,21.09000015258789,102.8499984741211,2686.1201171875,5.899545454545454,17.923181818181817
1999-07-01,0.39,3.5143653633,52.82815,89.4333,40.79242,109.3,23.17,41.48,47.46,26.96,-0.25,61.45258064516129,62.5761,10456.0,92.6495,24.639999389648438,99.75,2638.489990234375,5.791904761904762,20.103333333333335
1999-08-01,0.31,3.7114852276,52.93597,89.7924,41.11758,109.5,23.39,41.15,47.65,26.87,-0.07,63.52193548387097,62.5573,10865.0,92.5472,24.450000762939453,99.94999694824219,2739.35009765625,5.9390909090909085,21.278636363636362
1999-09-01,0.39,3.7061621875,53.56286,89.4299,41.09966,108.2,23.4,41.18,48.15,26.98,0.42,71.122,62.7989,11214.0,92.9966,25.40999984741211,98.54000091552734,2746.159912109375,5.915238095238095,23.796666666666667
1999-10-01,0.34,4.204795591,51.90866,90.523,40.78972,107.0,23.46,41.63,48.03,27.46,0.18,72.0841935483871,63.3843,11530.0,93.5867,22.200000762939453,99.05999755859375,2966.429931640625,6.112,22.69142857142857
1999-11-01,0.37,5.1545949216,53.39955,90.9618,40.78096,107.6,22.96,42.11,49.07,27.63,1.39,57.84666666666667,63.1785,12042.0,94.3335,24.18000030517578,101.98999786376953,3336.159912109375,6.034,25.00238095238095
1999-12-01,0.4,5.5293487657,62.04022,91.6634,42.10605,107.4,22.04,42.22,51.86,27.64,4.87,89.64645161290322,63.0152,12201.0,94.8077,24.639999389648438,101.87000274658203,4069.31005859375,6.275454545454545,26.10238095238095
2000-01-01,0.25,4.4694340097,58.04696,91.538,41.642,108.9,22.11,40.89,47.18,28.3,1.35,65.8025806451613,61.8922,12468.0,94.1056,24.950000762939453,105.12999725341797,3940.35009765625,6.661,27.259473684210523
2000-02-01,0.56,5.0915739516,56.0839,91.8239,41.09042,112.0,22.84,40.86,50.18,28.78,4.02,63.891379310344824,62.2747,12838.0,94.0535,23.3700008392334,105.91999816894531,4696.68994140625,6.519499999999999,29.366000000000003
2000-03-01,0.55,5.096670565,56.0937,92.1504,42.6038,111.9,22.69,41.2,49.31,28.54,2.7,50.67354838709678,62.6167,12928.0,94.7535,24.110000610351562,105.44000244140625,4572.830078125,6.256521739130435,29.84173913043478
2000-04-01,0.56,6.1613996504,61.56514,92.6989,42.77522,111.4,23.33,41.1,46.24,28.14,-1.27,49.65266666666666,62.1915,13060.0,94.054,26.200000762939453,110.13999938964844,3860.659912109375,5.990526315789474,25.722105263157896
2000-05-01,0.36,5.8754261395,56.75257,92.9499,43.07992,111.5,24.05,40.77,47.29,28.23,-0.47,79.68064516129031,62.2156,13354.0,94.2914,23.649999618530273,108.73999786376953,3400.909912109375,6.440454545454545,28.78818181818182
2000-06-01,0.4,5.7899169687,57.44533,92.9862,42.75114,112.2,23.66,40.78,47.91,28.28,0.58,64.12633333333333,62.3118,13708.0,94.8052,19.540000915527344,106.83999633789062,3966.110107421875,6.097272727272728,31.82227272727273
2000-07-01,0.39,5.3517691508,57.46338,92.8048,42.84707,112.8,23.96,41.22,47.21,28.55,-0.51,51.13129032258065,61.9312,13580.0,94.8453,20.739999771118164,109.56999969482422,3766.989990234375,6.054,29.69684210526316
2000-08-01,0.43,5.3889131177,57.5775,92.5521,42.92888,112.8,24.61,41.13,49.79,28.71,1.69,47.513225806451615,62.5964,13424.0,95.4697,16.84000015258789,112.5999984741211,4206.35009765625,5.826086956521739,31.26391304347826
2000-09-01,0.39,4.5541474558,57.41529,92.9792,43.43838,112.0,24.54,41.19,48.88,28.86,0.93,52.757666666666665,62.3503,13732.0,95.1379,20.56999969482422,113.25,3672.820068359375,5.799,33.884
2000-10-01,0.27,4.0438538276,57.66615,92.6179,43.32015,111.4,25.01,41.38,48.33,28.59,-0.68,74.84709677419355,62.0109,14022.0,95.3275,23.6299991607666,116.6500015258789,3369.6298828125,5.738571428571428,33.108636363636364
2000-11-01,0.3,3.6462268509,57.66647,92.6438,43.77005,110.6,25.25,41.92,48.79,28.89,-0.87,45.440333333333335,61.9249,14301.0,94.5007,29.649999618530273,115.23999786376953,2597.929931640625,5.717142857142857,34.417142857142856
2000-12-01,0.28,3.6137301296,58.72964,92.3415,43.68871,110.4,23.58,42.13,50.55,28.7,2.6,46.012258064516125,62.0345,13800.0,93.6041,26.850000381469727,109.55999755859375,2470.52001953125,5.2405,28.436500000000002
2001-01-01,0.45,2.3841608749,57.78614,91.902,43.24702,102.3,24.18,41.86,49.83,29.01,1.91,47.3458064516129,61.9748,13911.0,93.1382,22.020000457763672,110.5199966430664,2772.72998046875,5.160952380952381,29.585714285714282
2001-02-01,0.44,1.7203607696,58.49183,91.3034,43.93343,119.0,23.67,41.8,49.73,29.07,2.04,56.33607142857143,61.5125,13953.0,94.349,28.350000381469727,112.01000213623047,2151.830078125,5.098947368421053,29.609473684210528
2001-03-01,0.55,0.633820962,58.14213,91.1162,43.80357,112.1,24.12,41.86,49.34,29.22,1.23,61.721935483870965,62.0652,14028.0,94.501,28.639999389648438,117.37000274658203,1840.260009765625,4.885454545454546,27.244545454545456
2001-04-01,0.5,-0.6899465145,58.15113,90.7891,43.93332,111.5,23.79,41.56,47.21,29.32,-0.08,49.027,62.2482,14114.0,94.8659,25.479999542236328,115.8499984741211,2116.239990234375,5.141,27.49
2001-05-01,0.57,-1.7435082504,60.54699,90.3555,43.81442,110.2,23.61,40.9,47.26,29.42,0.77,59.95193548387097,61.9269,14196.0,95.0005,22.639999389648438,119.06999969482422,2110.489990234375,5.391363636363637,28.62909090909091
2001-06-01,0.52,-2.1441024472,59.952,89.8784,44.03944,110.1,21.82,41.1,47.37,29.51,2.55,70.94200000000001,61.5285,14100.0,94.2203,19.059999465942383,119.43000030517578,2160.5400390625,5.284285714285714,27.59904761904762
2001-07-01,0.59,-3.3841949055,59.85903,89.3028,43.74323,108.1,23.51,41.7,48.27,28.75,0.35,59.98516129032258,62.0798,13844.0,94.3888,21.6200008392334,117.18000030517578,2027.1300048828125,5.236190476190477,26.4247619047619
2001-08-01,0.48,-3.2591870475,59.53603,89.2003,44.14936,108.1,23.93,41.43,49.05,28.92,1.22,64.13580645161291,61.8441,14136.0,94.1991,24.920000076293945,113.41999816894531,1805.4300537109375,4.971304347826087,27.37391304347826
2001-09-01,0.52,-3.8276632076,60.22146,88.7485,44.26254,109.5,23.14,41.62,47.64,28.99,0.51,472.491,61.8716,13858.0,94.6372,31.93000030517578,113.4800033569336,1498.800048828125,4.731764705882353,26.199473684210528
2001-10-01,0.5,-4.6528632341,60.79882,88.5052,44.42151,108.8,23.06,41.65,48.36,29.49,1.57,504.0548387096774,61.4785,13574.0,94.3254,33.560001373291016,114.86000061035156,1690.199951171875,4.566818181818181,22.169565217391302
2001-11-01,0.72,-5.4966070217,61.38087,87.97,44.87817,107.9,22.37,42.13,49.09,29.54,2.41,296.17766666666665,62.6666,13512.0,94.4682,23.84000015258789,116.12999725341797,1930.5799560546875,4.6515,19.634999999999998
2001-12-01,0.55,-5.5318194729,59.57952,87.9324,44.91918,108.7,21.97,42.57,49.02,29.39,2.32,231.22290322580645,62.5327,13519.0,94.288,23.799999237060547,116.75,1950.4000244140625,5.0875,19.388947368421054
2002-01-01,0.77,-4.0629587224,60.37153,88.5176,44.83217,118.6,21.61,42.47,49.04,29.52,2.77,169.9864516129032,62.7183,13253.0,93.4421,21.09000015258789,120.23999786376953,1934.030029296875,5.035714285714286,19.714761904761904
2002-02-01,0.78,-3.6783496411,60.37983,88.5278,45.09081,102.7,21.83,42.39,49.41,29.67,3.08,143.4192857142857,62.5714,12543.0,93.3184,21.59000015258789,119.16000366210938,1731.489990234375,4.911578947368421,20.723684210526315
2002-03-01,0.88,-2.5291620396,60.34794,89.1686,45.36222,110.9,21.64,42.0,48.5,29.78,2.84,150.27290322580646,62.0394,13228.0,92.6534,17.399999618530273,118.62000274658203,1845.3499755859375,5.284000000000001,24.531
2002-04-01,0.58,-1.712228739,60.41398,89.604,45.90337,112.1,20.29,42.43,47.43,30.08,2.88,154.136,61.9477,13554.0,93.2786,21.90999984741211,115.19000244140625,1688.22998046875,5.210909090909091,26.179090909090913
2002-05-01,0.64,-0.3052239914,59.87977,89.964,45.69966,112.9,21.14,42.4,46.52,30.07,1.07,159.16451612903228,62.5867,13860.0,94.1708,19.979999542236328,111.80999755859375,1615.72998046875,5.164545454545455,27.041363636363634
2002-06-01,0.53,0.0091801108,61.1887,90.7061,46.10546,112.4,20.92,42.66,47.41,30.05,2.08,147.797,62.6577,13830.0,94.0599,25.399999618530273,106.11000061035156,1463.2099609375,4.9265,25.5185
2002-07-01,0.61,1.4860162207,62.19642,90.6769,46.65891,112.8,22.08,42.42,48.78,29.95,2.48,119.37903225806451,62.1793,14276.0,94.427,32.029998779296875,107.41000366210938,1328.260009765625,4.653181818181818,26.966190476190473
2002-08-01,0.53,1.1780077238,62.90079,90.5762,46.95699,112.7,21.78,42.42,48.36,29.94,2.28,127.00225806451614,62.6498,14253.0,94.099,32.63999938964844,106.9800033569336,1314.8499755859375,4.257272727272727,28.385
2002-09-01,0.64,2.4104635749,62.47779,90.6531,46.82148,113.8,22.13,42.18,48.16,29.86,1.96,170.25066666666666,58.7079,14810.0,90.5299,39.689998626708984,106.87000274658203,1172.06005859375,3.87,29.6635
2002-10-01,0.54,2.9192213736,62.82445,90.4643,47.31229,114.2,22.8,42.77,48.92,30.65,2.14,168.29612903225808,57.3678,14816.0,88.8847,31.139999389648438,106.63999938964844,1329.75,3.940909090909091,28.836521739130436
2002-11-01,0.59,3.792268018,62.09162,90.9711,46.97102,114.5,22.98,42.8,49.78,30.46,2.46,156.049,60.1424,14869.0,92.6679,27.5,106.41000366210938,1478.780029296875,4.048421052631579,26.352105263157895
2002-12-01,0.44,3.0813653091,62.06841,90.4652,47.51075,114.9,22.13,42.96,50.56,30.41,4.16,175.05548387096775,60.8973,15641.0,93.0995,28.6200008392334,101.8499984741211,1335.510009765625,4.032380952380952,29.460952380952378
2003-01-01,0.75,3.6715586548,63.85649,91.2361,47.77882,114.8,23.2,43.46,49.77,30.56,1.76,205.27290322580646,61.4335,16107.0,93.2932,31.170000076293945,99.91000366210938,1320.9100341796875,4.048571428571428,32.94714285714286
2003-02-01,0.58,3.460678524,65.46119,91.3445,48.39274,119.8,24.13,43.84,51.79,30.72,2.55,236.19035714285715,61.5095,16323.0,93.6644,29.6299991607666,99.70999908447266,1337.52001953125,3.9026315789473687,35.828421052631576
2003-03-01,0.6,2.6409282937,66.64499,91.1044,47.99529,116.9,24.13,43.83,49.22,30.38,-0.37,349.24129032258065,61.0445,16429.0,92.9996,29.149999618530273,99.05999755859375,1341.1700439453125,3.8071428571428574,33.513333333333335
2003-04-01,0.55,1.8540324492,66.92675,90.5617,48.09949,114.9,23.18,43.54,48.35,29.95,-0.26,252.85933333333332,60.659,16671.0,92.3483,21.209999084472656,97.19000244140625,1464.31005859375,3.958571428571428,28.170476190476194
2003-05-01,0.6,0.5416602537,66.80256,90.537,48.78961,113.7,23.21,43.34,47.48,30.43,-0.39,159.67935483870968,59.8222,15959.0,90.745,19.469999313354492,93.2699966430664,1595.9100341796875,3.5690476190476192,28.108571428571427
2003-06-01,0.48,0.7730192981,66.75634,90.6527,48.95836,116.9,23.15,43.24,48.08,30.84,0.9,145.721,60.1013,16492.0,90.9473,19.520000457763672,94.7300033569336,1622.800048828125,3.334285714285714,30.66238095238095
2003-07-01,0.58,1.0584950207,67.41072,91.1185,49.6014,116.5,23.09,43.68,48.78,31.14,1.28,133.95677419354837,59.4762,16173.0,90.2036,19.489999771118164,96.88999938964844,1735.02001953125,3.975454545454546,30.754545454545454
2003-08-01,0.64,0.4550832754,67.27098,90.9197,49.84206,117.1,23.76,43.49,48.36,31.01,0.2,137.3967741935484,60.3265,16776.0,91.5399,18.6299991607666,98.0999984741211,1810.449951171875,4.4452380952380945,31.573809523809523
2003-09-01,0.62,0.9879322726,68.54924,91.5059,50.18027,116.3,23.72,43.54,49.2,31.22,1.15,118.71833333333333,60.9401,16932.0,92.1157,22.719999313354492,92.8499984741211,1786.93994140625,4.274285714285715,28.31142857142857
2003-10-01,0.72,2.2792030525,68.34943,91.6186,49.98143,117.2,24.54,43.97,49.94,31.64,1.07,107.55387096774194,60.2243,17147.0,91.7851,16.100000381469727,92.7300033569336,1932.2099609375,4.290454545454545,30.338260869565215
2003-11-01,0.53,2.0525586349,68.3653,92.2329,51.15827,117.9,24.8,44.04,48.99,31.65,-0.39,117.27400000000002,59.4422,16963.0,91.0816,16.31999969482422,90.20999908447266,1960.260009765625,4.300000000000001,31.108333333333334
2003-12-01,0.75,2.7329701456,70.012,92.2602,50.92152,118.1,24.92,44.52,51.6,32.01,1.87,131.96032258064517,59.3861,17302.0,90.999,18.309999465942383,86.91999816894531,2003.3699951171875,4.267727272727273,32.12904761904762
2004-01-01,0.58,2.2017748618,70.12704,92.4006,51.65935,107.2,24.46,44.17,49.99,32.0,0.59,114.14290322580645,59.6151,18263.0,91.6607,16.6299991607666,87.19999694824219,2066.14990234375,4.1505,34.31
2004-02-01,0.72,2.6391297622,70.5332,92.958,50.85638,123.2,24.41,44.18,51.27,32.37,2.24,114.83620689655173,59.2623,18861.0,90.8316,14.550000190734863,87.30999755859375,2029.8199462890625,4.084210526315789,34.68473684210526
2004-03-01,0.63,2.479187483,71.04878,92.5861,51.51861,119.4,25.03,44.1,51.09,32.91,2.03,137.04129032258064,59.0702,18803.0,90.8526,16.739999771118164,87.61000061035156,1994.219970703125,3.826521739130435,36.74130434782609
2004-04-01,0.61,3.7060859983,71.76853,92.93,54.01192,119.1,24.72,43.98,49.37,33.19,1.15,148.72899999999998,58.7896,18900.0,90.9541,17.190000534057617,90.4800033569336,1920.1500244140625,4.347619047619047,36.75
2004-05-01,0.37,4.3679129556,72.20583,93.6013,53.60933,117.5,25.14,44.01,47.54,32.8,-1.52,121.83193548387096,58.4822,19697.0,90.492,15.5,88.94999694824219,1986.739990234375,4.7155000000000005,40.275
2004-06-01,0.44,3.9675640491,72.79745,92.871,53.7301,116.2,25.96,44.57,49.41,34.06,0.18,136.99200000000002,57.3929,19895.0,90.1763,14.34000015258789,88.80000305175781,2047.7900390625,4.733809523809524,38.025238095238095
2004-07-01,0.26,3.7816219322,72.62488,93.5649,55.44793,115.5,26.23,44.63,49.86,33.23,-0.63,130.39967741935484,59.2934,20499.0,92.3642,15.319999694824219,89.95999908447266,1887.3599853515625,4.498095238095239,40.77809523809524
2004-08-01,0.45,3.4479947809,74.15111,93.6277,55.79958,115.9,25.89,44.03,49.66,33.58,0.55,139.9516129032258,57.7135,20360.0,91.2155,15.289999961853027,88.94000244140625,1838.0999755859375,4.281363636363636,44.90318181818182
2004-09-01,0.5,3.1896598881,72.39735,93.7467,56.72229,116.1,26.31,44.0,50.05,33.47,0.5,152.97033333333331,55.3073,20754.0,88.5948,13.34000015258789,87.36000061035156,1896.8399658203125,4.1257142857142854,45.93571428571428
2004-10-01,0.61,2.2056840554,72.759,94.5465,56.86512,115.7,26.56,44.4,50.21,33.43,-0.36,118.06290322580645,55.5404,21919.0,89.3954,16.270000457763672,84.91000366210938,1974.989990234375,4.0969999999999995,53.28047619047619
2004-11-01,0.73,2.1746461352,74.06465,94.7813,56.84608,114.8,26.27,44.65,50.87,34.04,0.74,124.462,58.2431,23207.0,91.8401,13.239999771118164,81.81999969482422,2096.81005859375,4.194,48.469
2004-12-01,0.5,1.9913159511,74.54607,95.5365,57.24195,114.4,26.21,44.36,52.27,34.32,2.84,107.17096774193548,58.8182,22138.0,92.2507,13.289999961853027,80.8499984741211,2175.43994140625,4.2309090909090905,43.14952380952381
2005-01-01,0.75,2.7717157992,73.57556,95.8801,57.16153,120.9,25.73,44.13,50.64,33.8,1.08,99.38645161290323,58.2206,23277.0,92.1951,12.819999694824219,83.5999984741211,2062.409912109375,4.221500000000001,46.837
2005-02-01,0.6,2.2513202625,77.6827,96.5761,57.88214,107.6,26.55,44.11,52.31,34.29,2.38,109.6082142857143,58.581,24158.0,93.2062,12.079999923706055,82.51000213623047,2051.719970703125,4.165263157894737,48.148947368421055
2005-03-01,0.74,2.4158656349,74.93361,96.4456,58.86161,115.1,26.08,44.49,51.99,34.14,2.01,90.47838709677418,59.0437,25029.0,93.525,14.020000457763672,84.05999755859375,1999.22998046875,4.497727272727273,54.186818181818175
2005-04-01,0.67,2.5757214606,75.89139,96.6532,56.36187,116.0,26.52,44.6,49.2,33.97,-1.55,86.93633333333334,58.7029,25193.0,93.1676,15.3100004196167,84.43000030517578,1921.6500244140625,4.3409523809523805,52.97904761904762
2005-05-01,0.63,1.698605909,74.19072,96.7402,56.69711,116.6,26.75,44.65,48.69,33.68,-2.55,98.79322580645162,57.847,24367.0,92.5258,13.289999961853027,87.76000213623047,2068.219970703125,4.144285714285714,49.83380952380952
2005-06-01,0.65,2.4550141476,76.74978,97.1753,57.68686,116.8,26.74,44.05,50.42,35.32,1.6,81.75666666666666,57.6997,25193.0,92.1921,12.039999961853027,89.11000061035156,2056.9599609375,3.998181818181818,56.35227272727273
2005-07-01,0.61,1.8028391734,76.54714,96.8676,56.58878,116.1,26.78,44.04,49.47,34.23,-0.39,164.77161290322582,56.8726,26677.0,91.2065,11.569999694824219,89.3499984741211,2184.830078125,4.1775,58.99550000000001
2005-08-01,0.6,2.4532638763,76.56031,97.1833,58.06918,116.0,26.75,44.19,51.26,34.34,1.26,116.88645161290323,56.5826,27038.0,90.6364,12.600000381469727,87.58000183105469,2152.090087890625,4.262608695652174,64.98521739130435
2005-09-01,0.72,1.9304742783,77.27854,95.3005,57.77893,116.5,26.13,43.52,49.78,34.47,1.54,103.76700000000001,45.9217,28052.0,78.2684,11.920000076293945,89.5199966430664,2151.68994140625,4.199047619047619,65.58666666666666
2005-10-01,0.76,2.0711116508,77.13113,96.4572,59.00667,116.1,26.47,43.83,48.77,33.44,-1.12,87.41870967741936,48.9919,29537.0,81.2026,15.319999694824219,90.06999969482422,2120.300048828125,4.4635,62.260000000000005
2005-11-01,0.74,3.4983390465,78.28329,97.5414,58.17199,116.6,26.46,44.48,51.15,33.86,0.68,82.07300000000001,52.1176,29711.0,86.028,12.0600004196167,91.56999969482422,2232.820068359375,4.535,58.322500000000005
2005-12-01,0.68,3.8031303531,78.79278,98.0452,60.26303,116.5,26.36,44.7,52.89,34.2,2.68,95.35451612903225,53.1243,30453.0,87.1499,12.069999694824219,91.16999816894531,2205.320068359375,4.467142857142857,59.411904761904765
2006-01-01,0.56,2.87203332,78.4,98.1999,61.25228,120.1,26.33,44.32,50.8,33.92,0.23,93.70322580645161,53.8937,30796.0,89.1417,12.949999809265137,88.95999908447266,2305.820068359375,4.416,65.485
2006-02-01,0.74,2.8497580368,79.2,98.2413,61.55499,120.1,26.69,44.4,51.86,35.68,2.58,96.56035714285714,53.4822,30997.0,88.4347,12.34000015258789,90.11000061035156,2281.389892578125,4.568947368421052,61.631052631578946
2006-03-01,0.63,3.5892905873,80.1,98.4628,62.72617,117.8,26.62,44.62,51.65,35.15,1.93,91.85225806451614,52.9364,31238.0,88.119,11.390000343322754,89.7300033569336,2339.7900390625,4.7239130434782615,62.68521739130435
2006-04-01,0.47,2.993709804,80.5,98.7618,62.0391,116.6,26.02,44.48,48.38,34.91,-0.91,89.328,53.5447,32373.0,88.9525,11.59000015258789,86.11000061035156,2322.570068359375,4.990526315789474,69.44368421052631
2006-05-01,0.48,3.966305418,81.6,98.7869,62.78899,117.9,25.97,44.22,48.8,35.37,0.28,84.3883870967742,53.9478,34078.0,89.6868,16.440000534057617,84.72000122070312,2178.8798828125,5.11,70.84409090909091
2006-06-01,0.66,3.8368970348,80.6,99.0997,62.89713,119.5,26.6,44.05,50.28,35.6,1.62,102.32300000000001,54.7794,34018.0,90.885,13.079999923706055,85.22000122070312,2172.090087890625,5.106363636363636,70.9509090909091
2006-07-01,0.54,3.6126703246,81.3,99.0489,64.99783,116.7,26.9,44.65,49.61,35.11,-0.7,137.44064516129032,55.0743,33868.0,91.5155,14.949999809265137,85.30000305175781,2091.469970703125,5.0875,74.41105263157894
2006-08-01,0.71,4.2138959822,82.4,99.4836,63.91274,115.7,26.65,43.93,50.59,36.06,2.11,147.4909677419355,54.8108,34781.0,91.4933,12.3100004196167,85.05000305175781,2183.75,4.8765217391304345,73.04304347826087
2006-09-01,0.66,4.2069422409,82.6,99.3183,65.53379,116.1,26.46,44.12,49.83,36.19,1.74,113.619,54.7809,33795.0,92.1992,11.979999542236328,85.97000122070312,2258.429931640625,4.718999999999999,63.798
2006-10-01,0.71,3.9120249725,83.2,99.2044,64.42336,114.7,26.21,44.56,50.31,36.06,1.92,112.73258064516129,55.095,32594.0,92.5321,11.100000381469727,85.31999969482422,2366.7099609375,4.729047619047619,58.89318181818182
2006-11-01,0.73,2.8149932748,83.7,99.1627,70.06536,114.9,26.05,44.61,51.11,35.96,2.76,87.805,54.4875,33297.0,91.5835,10.90999984741211,82.91999816894531,2431.77001953125,4.595238095238095,59.0825
2006-12-01,0.79,3.4070447647,84.3,100.1735,68.84689,114.7,25.58,44.67,51.06,35.4,2.44,91.50741935483872,55.1344,33497.0,92.5104,11.5600004196167,83.72000122070312,2415.2900390625,4.5645,61.959
2007-01-01,1.01,2.7811665157,85.9,99.8346,69.8091,112.6,25.51,44.91,49.92,36.6,2.15,97.40870967741935,54.4616,31894.0,91.2728,10.420000076293945,84.61000061035156,2463.929931640625,4.7595238095238095,54.50619047619048
2007-02-01,0.7,3.2862488893,85.3,100.7753,70.20722,112.6,25.62,45.27,51.66,36.57,3.41,95.05107142857142,54.2474,32896.0,91.2758,15.420000076293945,83.56999969482422,2416.14990234375,4.722631578947369,59.27894736842105
2007-03-01,0.71,3.006150984,86.4,100.9547,71.70661,117.6,25.67,45.02,50.54,37.12,3.09,86.13612903225805,53.9189,33443.0,91.3021,14.640000343322754,82.93000030517578,2421.639892578125,4.5645454545454545,60.441818181818185
2007-04-01,0.77,2.4768558003,85.9,101.6334,72.58376,117.4,25.63,45.07,49.09,36.47,0.9,75.713,54.6103,35203.0,91.7443,14.220000267028809,81.44999694824219,2525.090087890625,4.6938095238095245,63.977
2007-05-01,0.69,2.9236606751,86.8,101.7306,74.70207,118.1,25.45,44.88,49.02,37.22,2.06,91.82354838709678,54.6054,36375.0,92.7742,13.050000190734863,82.30000305175781,2604.52001953125,4.746363636363636,63.45454545454545
2007-06-01,0.61,2.5171391408,87.2,101.7893,75.15701,119.4,25.43,44.63,49.64,37.87,3.54,98.58500000000001,53.9848,36540.0,91.7916,16.229999542236328,81.91999816894531,2603.22998046875,5.102857142857142,67.48904761904762
2007-07-01,0.6,2.8194090759,88.1,101.6672,75.26715,118.0,26.06,44.75,49.76,37.77,2.72,113.98225806451612,54.5939,36761.0,92.6075,23.520000457763672,80.7699966430664,2546.27001953125,5.0042857142857144,74.11761904761904
2007-08-01,0.6,3.1353633104,87.6,101.863,75.49085,117.5,25.63,44.24,50.22,36.97,3.4,83.12161290322581,54.1807,36849.0,92.4448,23.3799991607666,80.79000091552734,2596.360107421875,4.674782608695652,72.35608695652174
2007-09-01,0.61,2.7869987958,87.2,102.0894,74.4225,118.9,26.21,44.04,49.79,37.4,3.07,92.71900000000001,53.2739,40108.0,92.291,18.0,77.72000122070312,2701.5,4.521578947368421,79.91473684210526
2007-10-01,0.59,3.2584318836,87.2,101.8015,76.6977,117.9,26.72,44.67,50.78,37.67,2.96,100.9616129032258,54.2099,41947.0,93.1033,18.530000686645508,76.4800033569336,2859.1201171875,4.527727272727272,85.7986956521739
2007-11-01,0.59,2.7871207867,89.0,102.3446,77.30314,117.3,26.67,44.2,51.26,37.3,3.42,89.11066666666667,54.1295,44318.0,93.526,22.8700008392334,76.1500015258789,2660.9599609375,4.1485,94.77238095238096
2007-12-01,0.5,2.0925396605,89.0,102.3803,78.4024,117.4,26.64,44.65,50.64,38.41,3.41,94.64870967741936,54.2833,45399.0,93.6138,22.5,76.69999694824219,2652.280029296875,4.0975,91.687
2008-01-01,0.3,2.8564698405,91.9,102.2448,79.28104,115.4,26.05,45.65,49.98,37.79,-1.37,80.78870967741935,54.4714,48721.0,93.547,26.200000762939453,75.18000030517578,2389.860107421875,3.744285714285714,92.97047619047619
2008-02-01,0.38,2.3682682269,89.9,101.8438,79.27101,115.4,26.13,45.63,50.68,37.7,2.16,81.64,54.4445,49354.0,93.3424,26.540000915527344,73.70999908447266,2271.47998046875,3.7375,95.386
2008-03-01,0.75,1.2429868947,89.9,101.5336,80.15997,117.8,26.34,45.67,48.67,39.53,-0.43,78.19419354838709,54.8057,50231.0,93.7446,25.610000610351562,71.80000305175781,2279.10009765625,3.5100000000000002,105.454
2008-04-01,0.54,1.934858488,90.2,100.8785,79.952,115.7,26.04,45.39,49.12,39.03,0.05,71.865,54.7189,48437.0,93.8944,20.790000915527344,72.51000213623047,2412.800048828125,3.675,112.58045454545454
2008-05-01,0.5,-0.3428073529,91.3,100.2674,80.18629,116.0,26.39,45.42,47.97,39.13,-0.71,73.08838709677418,54.0942,49729.0,93.0963,17.829999923706055,72.87999725341797,2522.659912109375,3.8800000000000003,125.39761904761905
2008-06-01,0.49,-0.6361683165,89.6,100.0335,81.27293,116.0,26.47,45.24,47.68,38.64,-0.59,86.78566666666667,54.9398,53687.0,93.7959,23.950000762939453,72.45999908447266,2292.97998046875,4.099523809523809,133.88
2008-07-01,0.6,-0.9202649483,89.0,99.676,79.20731,114.7,26.84,45.64,48.35,38.87,-1.56,89.47483870967741,56.2819,52887.0,96.3012,22.940000534057617,73.2300033569336,2325.550048828125,4.007727272727273,133.3709090909091
2008-08-01,0.45,-3.0563258539,89.5,98.1111,80.13097,112.8,26.71,44.7,47.14,38.94,-0.51,88.47451612903225,54.5212,53064.0,93.8273,20.649999618530273,77.37999725341797,2367.52001953125,3.8857142857142852,116.66619047619047
2008-09-01,0.61,-4.464010817,88.1,93.7895,82.15518,111.4,26.48,43.93,47.01,39.37,0.57,89.21766666666667,42.9667,49261.0,78.3826,39.38999938964844,79.44999694824219,2091.8798828125,3.6861904761904762,104.11428571428571
2008-10-01,0.67,-5.565355312,85.5,94.7219,79.67675,108.2,26.46,44.89,48.71,38.48,-0.3,64.97129032258064,50.9539,44331.0,88.6474,59.88999938964844,85.62999725341797,1720.949951171875,3.814090909090909,76.6086956521739
2008-11-01,0.69,-8.5610969911,79.4,93.4715,78.96045,105.4,25.84,45.32,47.16,36.98,-0.81,79.13066666666667,54.5202,40191.0,92.4222,55.279998779296875,86.5199966430664,1535.5699462890625,3.526666666666667,57.30947368421053
2008-12-01,0.54,-12.0148173466,76.3,90.8357,76.89181,105.7,25.24,45.12,48.35,37.45,-0.11,94.08612903225807,54.1409,31174.0,91.8495,40.0,81.30999755859375,1577.030029296875,2.4163636363636365,41.121818181818185
2009-01-01,0.65,-15.4322456831,76.1,88.57,75.37524,111.0,24.45,44.85,47.42,36.84,-0.18,86.23225806451612,54.6567,30295.0,93.4795,44.84000015258789,86.0,1476.4200439453125,2.5175,41.71
2009-02-01,0.53,-16.8366384209,76.9,88.031,76.24326,111.0,24.37,45.25,47.68,37.99,0.7,67.12107142857143,55.2398,28754.0,93.7021,46.349998474121094,88.01000213623047,1377.8399658203125,2.87,39.08736842105263
2009-03-01,0.53,-17.0836046242,76.7,86.6528,75.69012,108.3,24.26,45.12,47.2,38.68,1.04,72.05870967741936,55.0268,29486.0,93.0278,44.13999938964844,85.43000030517578,1528.5899658203125,2.819545454545455,47.939090909090915
2009-04-01,0.61,-17.4673563265,76.9,85.9344,78.05914,107.3,24.41,45.15,45.94,39.11,-0.25,85.95866666666667,55.9681,29149.0,93.2008,36.5,84.61000061035156,1717.300048828125,2.927142857142857,49.64666666666666
2009-05-01,0.65,-15.7517940853,77.1,85.0665,78.97525,108.9,24.43,44.7,44.38,39.72,-1.17,91.17967741935485,56.7749,31149.0,93.7505,28.920000076293945,80.43000030517578,1774.3299560546875,3.293,59.028499999999994
2009-06-01,0.64,-14.9984829685,77.6,84.7459,79.58847,110.7,24.52,44.69,46.14,40.75,1.36,81.252,56.502,33025.0,93.4033,26.350000381469727,80.12999725341797,1835.0400390625,3.7218181818181817,69.64090909090909
2009-07-01,0.74,-14.0031448542,78.6,85.7027,80.4558,110.8,24.71,45.36,45.93,41.12,0.62,81.08354838709678,58.8029,33295.0,95.0089,25.920000076293945,78.3499984741211,1978.5,3.5622727272727275,64.15227272727272
2009-08-01,0.69,-12.2618493288,78.2,86.6426,84.52279,112.3,24.75,44.79,45.52,40.32,-0.23,73.76032258064517,58.9101,34889.0,94.9474,26.010000228881836,78.16999816894531,2009.06005859375,3.587142857142857,71.04476190476191
2009-09-01,0.72,-9.3370054553,78.9,87.4063,83.58832,113.9,24.76,45.31,46.29,40.53,0.36,91.13000000000001,60.0612,33545.0,95.1031,25.610000610351562,76.6500015258789,2122.419921875,3.401904761904762,69.40809523809523
2009-10-01,0.65,-8.3404779948,79.5,87.6419,81.63593,116.1,24.77,45.71,46.57,40.42,0.03,90.38741935483871,59.2092,36636.0,94.1641,30.690000534057617,76.30000305175781,2045.1099853515625,3.3876190476190478,75.71545454545455
2009-11-01,0.8,-4.524347351,81.0,88.0221,84.06258,119.2,24.8,45.78,46.13,39.48,-1.53,81.03,57.779,38086.0,92.4725,24.510000228881836,74.87999725341797,2144.60009765625,3.4026315789473687,77.99
2009-12-01,0.67,-0.9132735491,81.2,88.3793,84.27239,118.5,24.78,45.47,47.79,40.92,2.07,95.82193548387097,57.7191,39429.0,91.9384,21.68000030517578,77.86000061035156,2269.14990234375,3.5900000000000003,74.47
2010-01-01,0.75,3.9555183698,82.6,89.3426,85.80334,112.8,24.64,45.63,45.59,38.62,-2.15,93.67903225806452,57.3129,39128.0,92.0702,24.6200008392334,79.45999908447266,2147.35009765625,3.7331578947368427,78.32578947368421
2010-02-01,0.84,5.8664190413,82.6,89.6779,86.7054,112.8,24.62,45.86,47.65,41.3,2.16,81.4725,58.5238,41141.0,93.0809,19.5,80.36000061035156,2238.260009765625,3.691052631578947,76.38736842105263
2010-03-01,0.92,8.2112795218,83.5,90.2928,86.6475,118.1,24.56,46.19,47.46,41.16,1.56,72.72548387096774,58.236,40942.0,92.6664,17.59000015258789,81.06999969482422,2397.9599609375,3.7273913043478264,81.20347826086957
2010-04-01,0.85,8.5778193789,82.6,90.5991,88.02976,117.8,24.55,46.04,46.38,41.34,0.5,88.62433333333334,57.3517,40440.0,91.9494,22.049999237060547,81.87000274658203,2461.18994140625,3.8468181818181817,84.29285714285714
2010-05-01,0.75,9.2233301088,82.8,91.823,85.5834,116.5,24.49,46.1,45.24,40.92,-1.29,87.13870967741936,57.3274,37710.0,91.9718,32.06999969482422,86.58999633789062,2257.0400390625,3.4200000000000004,73.7435
2010-06-01,0.68,8.5608235432,82.8,91.9928,85.47383,113.7,24.7,45.45,47.26,43.18,3.33,96.34633333333333,58.0556,36695.0,92.0657,34.540000915527344,86.0199966430664,2109.239990234375,3.2040909090909087,75.3359090909091
2010-07-01,0.63,7.7671083266,83.0,92.3421,88.68886,113.4,24.55,45.72,47.03,41.41,1.0,79.39258064516129,57.8935,38154.0,92.2391,23.5,81.54000091552734,2254.699951171875,3.0114285714285716,76.31952380952382
2010-08-01,0.67,7.6002995665,83.3,92.6805,88.03306,113.9,24.62,45.58,47.58,42.16,2.38,81.61354838709677,59.1975,37953.0,93.4895,26.049999237060547,83.19999694824219,2114.030029296875,2.6986363636363637,76.59909090909092
2010-09-01,0.63,6.1802387512,84.0,92.9537,88.79897,113.3,24.69,45.78,48.11,42.83,3.44,71.82400000000001,60.588,38631.0,94.8216,23.700000762939453,78.72000122070312,2368.6201171875,2.6476190476190475,75.24190476190476
2010-10-01,0.71,5.7759772171,85.7,92.6903,91.13898,113.1,24.66,46.12,46.77,41.53,0.51,65.55677419354839,59.9897,40919.0,94.1522,21.200000762939453,77.2699966430664,2507.409912109375,2.54,81.89285714285714
2010-11-01,0.82,5.4795972271,86.1,92.7709,89.53669,113.3,24.64,46.46,47.65,42.92,2.47,95.60300000000001,59.3692,43686.0,93.1984,23.540000915527344,81.19999694824219,2498.22998046875,2.763,84.25285714285714
2010-12-01,0.45,6.1296935238,86.1,93.6787,91.17019,113.5,24.83,46.37,48.57,43.57,4.03,97.89387096774193,59.3528,46018.0,93.5355,17.75,79.02999877929688,2652.8701171875,3.290909090909091,89.14590909090909
2011-01-01,0.52,5.04645781,87.3,93.4814,92.23947,114.9,25.53,46.4,46.18,41.76,-1.02,78.83870967741936,58.3262,47512.0,91.9921,19.530000686645508,77.73999786376953,2700.080078125,3.3939999999999997,89.1705
2011-02-01,0.48,4.695168989,87.0,93.1102,92.42698,114.9,25.47,45.99,47.82,42.71,2.31,88.93678571428572,57.0785,48047.0,89.1251,18.350000381469727,76.88999938964844,2782.27001953125,3.5763157894736843,88.57842105263158
2011-03-01,0.66,1.6357739284,86.7,94.0788,94.70483,114.8,24.17,46.25,47.08,42.03,1.79,136.0783870967742,59.4241,49230.0,92.901,17.739999771118164,75.86000061035156,2781.070068359375,3.4143478260869564,102.85652173913043
2011-04-01,0.64,1.1430597622,87.7,93.7749,92.84566,113.4,24.17,46.08,44.96,42.57,0.23,90.672,59.2922,52761.0,92.773,14.75,72.93000030517578,2873.5400390625,3.4549999999999996,109.5325
2011-05-01,0.53,1.0507813548,87.7,93.888,90.50412,113.3,24.36,45.28,44.77,42.96,0.58,104.47322580645161,59.9714,53003.0,93.2221,15.449999809265137,74.63999938964844,2835.300048828125,3.168571428571429,100.90047619047618
2011-06-01,0.63,1.3496538937,88.2,94.172,93.74711,115.1,24.95,45.44,46.43,43.25,1.61,84.537,60.5839,51205.0,93.4566,16.520000457763672,74.30000305175781,2773.52001953125,3.002272727272727,96.26409090909091
2011-07-01,0.71,1.9739537718,88.5,94.636,92.08945,114.0,25.19,45.61,46.21,43.17,0.83,78.28483870967742,59.4031,50470.0,92.0163,25.25,73.9000015258789,2756.3798828125,3.003,97.3035
2011-08-01,0.75,2.0056327754,88.0,95.2749,90.64955,113.5,25.23,45.97,47.73,43.45,2.11,86.39193548387097,61.523,48903.0,93.7583,31.6200008392334,74.12999725341797,2579.4599609375,2.3030434782608693,86.33304347826088
2011-09-01,0.56,1.5185485036,88.1,95.1961,91.04017,113.8,25.24,45.42,47.02,43.33,1.95,83.145,60.4629,47404.0,92.1837,42.959999084472656,78.55000305175781,2415.39990234375,1.975238095238095,85.51523809523809
2011-10-01,0.65,1.8828844169,88.8,95.8568,86.54274,113.2,24.97,46.25,46.28,43.12,0.48,75.16516129032257,62.5921,51488.0,94.5192,29.959999084472656,76.16999816894531,2684.409912109375,2.152,86.32238095238095
2011-11-01,0.59,1.2355348192,89.1,95.8485,95.13275,112.4,25.67,46.51,46.74,44.65,1.47,83.25033333333333,63.8654,52452.0,95.5864,27.799999237060547,78.38999938964844,2620.340087890625,2.0134999999999996,97.16047619047619
2011-12-01,0.6,0.9011143675,89.7,96.3571,93.92416,112.8,25.71,46.92,47.24,43.78,0.73,84.81870967741936,64.6872,53156.0,95.8475,23.399999618530273,80.16999816894531,2605.14990234375,1.9780952380952381,98.56285714285715
2012-01-01,0.47,0.8767823528,90.1,96.9318,92.9523,111.4,25.91,46.7,45.29,42.58,-2.75,77.9016129032258,65.5871,53955.0,96.6974,19.440000534057617,79.27999877929688,2813.840087890625,1.9665,100.2735
2012-02-01,0.48,1.1872480301,90.8,97.2435,93.06204,111.4,26.16,46.71,47.75,44.27,1.12,91.48586206896552,66.4998,55245.0,96.0135,18.43000030517578,78.7300033569336,2966.889892578125,1.9675,102.204
2012-03-01,0.57,2.7071589711,90.1,96.74,92.26727,111.9,26.42,46.28,45.93,44.14,-0.57,88.07967741935485,67.1578,53619.0,96.0339,15.5,78.93000030517578,3091.570068359375,2.1727272727272724,106.15772727272729
2012-04-01,0.73,3.0234605549,90.2,97.4359,90.60534,109.3,26.56,46.45,44.85,43.57,-2.61,98.36933333333333,67.3647,53205.0,95.2263,17.149999618530273,78.79000091552734,3046.360107421875,2.052857142857143,103.321
2012-05-01,0.78,1.9840253907,90.8,97.6609,92.74928,109.6,26.21,46.14,45.62,44.92,-0.09,77.67999999999999,68.1051,50870.0,95.4074,24.059999465942383,83.04000091552734,2827.340087890625,1.8031818181818182,94.65454545454546
2012-06-01,0.64,1.2592350691,90.9,97.6663,91.55138,109.5,26.35,45.8,46.05,44.86,0.57,77.591,68.136,50510.0,94.6479,17.079999923706055,81.6500015258789,2935.050048828125,1.6223809523809525,82.30333333333333
2012-07-01,0.59,0.649370953,91.3,97.8713,90.9651,109.2,26.28,46.08,46.05,45.71,0.92,81.20806451612903,69.9759,50239.0,95.8498,18.93000030517578,82.63999938964844,2939.52001953125,1.5266666666666668,87.8952380952381
2012-08-01,0.66,0.0026823297,92.1,97.4525,91.21331,108.9,26.36,46.01,46.77,44.9,0.75,74.86870967741935,68.7308,50667.0,93.802,17.469999313354492,81.25,3066.9599609375,1.6782608695652175,94.13130434782609
2012-09-01,0.72,-0.7325079737,91.5,97.381,89.84103,109.2,26.25,45.64,45.16,45.03,0.01,68.97266666666665,71.0467,53627.0,95.4334,15.729999542236328,79.94000244140625,3116.22998046875,1.7231578947368422,94.51368421052632
2012-10-01,0.8,-1.1040171366,90.7,97.7193,92.14184,109.6,25.74,46.77,46.6,46.27,1.97,81.94032258064516,73.794,51982.0,96.988,18.600000381469727,79.91999816894531,2977.22998046875,1.7461904761904763,89.4913043478261
2012-11-01,0.78,-1.0844378657,91.2,98.0777,91.12928,110.1,25.68,47.26,46.55,46.19,1.35,79.75166666666668,74.5902,51648.0,96.8081,15.869999885559082,80.1500015258789,3010.239990234375,1.654,86.53142857142858
2012-12-01,0.53,-0.9792001302,91.6,98.3101,91.37257,110.3,25.24,47.56,45.98,45.72,0.64,74.96967741935484,75.2664,52248.0,96.35,18.020000457763672,79.7699966430664,3019.510009765625,1.719,87.8595
2013-01-01,0.71,-1.4819412046,89.6,98.3342,91.36618,109.9,24.96,47.37,45.79,46.23,1.77,90.24032258064516,75.3082,52528.0,95.5333,14.279999732971191,79.20999908447266,3142.1298828125,1.9147619047619049,94.75666666666667
2013-02-01,0.62,-1.1449200593,90.2,98.7941,91.15114,109.9,24.89,47.16,46.5,45.58,2.06,82.87285714285714,76.0834,52119.0,95.3826,15.510000228881836,81.9800033569336,3160.18994140625,1.9842105263157896,95.30894736842104
2013-03-01,0.67,-0.2305112341,93.4,99.1921,92.90253,108.9,24.95,47.32,45.12,45.65,0.49,74.79161290322581,76.7473,51679.0,94.9718,12.699999809265137,82.98999786376953,3267.52001953125,1.9575,92.9385
2013-04-01,0.53,-0.3298170947,92.4,99.1065,93.64129,109.3,25.44,47.3,45.86,45.65,0.34,93.84433333333332,78.4525,49786.0,95.5864,13.520000457763672,81.7300033569336,3328.7900390625,1.7590909090909093,92.02136363636363
2013-05-01,0.6,-0.1246835274,94.2,99.1839,93.18452,109.2,25.37,47.25,45.58,46.22,0.5,83.38580645161291,78.4156,49037.0,94.8426,16.299999237060547,83.37999725341797,3455.909912109375,1.9281818181818182,94.50954545454546
2013-06-01,0.69,0.4224870114,92.7,99.3897,90.84338,108.9,25.27,47.33,45.39,46.89,0.88,82.58066666666667,78.9238,49352.0,94.4584,16.860000610351562,83.16999816894531,3403.25,2.3,95.77250000000001
2013-07-01,0.6,0.2945192074,91.8,99.0814,93.66383,109.7,25.47,47.6,46.81,47.45,2.0,77.08,81.5543,50277.0,95.9531,13.449999809265137,81.44999694824219,3626.3701171875,2.5822727272727275,104.67090909090908
2013-08-01,0.71,0.6862709334,91.3,99.6543,95.03808,110.4,25.55,47.39,46.34,45.88,0.13,88.84645161290324,81.3853,51667.0,95.0648,17.010000228881836,82.08999633789062,3589.8701171875,2.7372727272727273,106.57272727272726
2013-09-01,0.77,2.2989259969,92.7,100.161,95.51048,110.2,24.7,47.73,45.92,46.52,0.97,98.078,84.3516,51154.0,96.5283,16.600000381469727,80.22000122070312,3771.47998046875,2.8095,106.2895
2013-10-01,0.69,2.2638743708,92.3,100.082,93.93129,110.3,24.67,47.97,46.44,45.96,0.66,73.5667741935484,82.2192,50484.0,93.9065,13.75,80.19999694824219,3919.7099609375,2.6159090909090907,100.53826086956522
2013-11-01,0.83,2.9075083976,95.4,100.3158,94.50271,110.0,24.14,48.81,46.96,47.04,1.94,76.751,83.2199,49486.0,93.8398,13.699999809265137,80.68000030517578,4059.889892578125,2.718421052631579,93.864
2013-12-01,0.7,2.4793421882,96.0,100.5175,94.74145,109.7,24.31,49.01,46.27,47.57,1.63,70.24193548387096,84.0574,51054.0,93.4316,13.720000267028809,80.04000091552734,4176.58984375,2.901904761904762,97.6252380952381
2014-01-01,0.76,2.9224477206,90.3,100.1599,95.96628,108.6,24.98,48.66,45.55,47.57,0.85,78.61935483870967,85.9088,51223.0,94.4794,18.40999984741211,81.2699966430664,4103.8798828125,2.858095238095238,94.61714285714285
2014-02-01,0.55,2.9435797211,92.9,100.9168,96.02834,108.6,25.05,49.08,46.62,47.78,1.61,70.26392857142858,86.9222,52749.0,94.6833,14.0,79.77999877929688,4308.1201171875,2.709473684210526,100.81736842105263
2014-03-01,0.78,2.6712011427,92.2,101.8942,95.87386,108.8,24.51,49.07,45.44,46.42,-0.3,119.53870967741935,88.1845,51393.0,95.0457,13.880000114440918,80.0999984741211,4198.990234375,2.723333333333333,100.80380952380953
2014-04-01,0.81,2.570442255,94.5,101.9928,97.41208,108.7,24.48,48.95,45.09,48.58,1.22,92.782,90.6393,50935.0,96.4135,13.40999984741211,79.48999786376953,4114.56005859375,2.705238095238095,102.06904761904761
2014-05-01,0.86,2.1356073625,94.0,102.3836,97.28342,108.8,24.64,48.96,44.41,48.52,0.11,83.1841935483871,92.5385,51322.0,96.9602,11.399999618530273,80.37000274658203,4242.6201171875,2.559047619047619,102.17714285714285
2014-06-01,0.67,2.3517927923,95.1,102.735,98.17392,109.2,24.64,49.23,45.17,48.62,0.17,98.17399999999999,94.754,50173.0,98.1402,11.569999694824219,79.77999877929688,4408.18017578125,2.5985714285714288,105.7942857142857
2014-07-01,0.58,2.5705092801,94.5,102.9632,98.97353,109.0,24.84,49.28,46.19,47.96,0.28,136.12806451612903,95.4017,49799.0,97.9506,16.950000762939453,81.45999908447266,4369.77001953125,2.5422727272727275,103.58863636363638
2014-08-01,0.84,1.4187331539,94.7,102.7688,98.13538,106.9,25.01,49.45,45.68,48.31,-0.37,132.44548387096776,96.1364,49066.0,97.8349,12.09000015258789,82.75,4580.27001953125,2.42,96.53619047619047
2014-09-01,0.88,1.6658724785,96.0,103.0641,98.95578,108.0,25.35,49.74,45.92,49.59,0.67,130.56633333333335,97.4334,48217.0,97.9814,16.309999465942383,85.94000244140625,4493.39013671875,2.5342857142857143,93.21190476190476
2014-10-01,0.8,1.7074111856,97.1,103.0764,94.47784,107.7,25.65,50.39,46.47,47.58,-2.03,80.79096774193549,98.2706,45602.0,98.0087,14.029999732971191,86.87999725341797,4630.740234375,2.304090909090909,84.39695652173914
2014-11-01,0.67,1.3173181428,97.7,103.7126,101.3627,107.2,25.11,50.67,45.62,48.34,-1.61,84.14200000000001,97.78,44113.0,96.4089,13.329999923706055,88.36000061035156,4791.6298828125,2.3255555555555554,75.78947368421052
2014-12-01,0.79,1.8556542171,100.1,103.7044,98.68978,107.9,25.42,51.24,47.09,49.91,0.75,85.45258064516128,101.3606,39856.0,98.8841,19.200000762939453,90.2699966430664,4736.0498046875,2.2072727272727275,59.29045454545455
2015-01-01,0.86,1.3676515717,101.2,102.8905,98.09304,106.8,24.87,51.09,45.83,47.56,-1.68,108.34,99.9712,36103.0,97.4656,20.969999313354492,94.80000305175781,4635.240234375,1.8815000000000002,47.219
2015-02-01,0.91,0.7989802762,100.1,102.2335,98.86512,106.8,24.8,51.02,47.96,48.6,1.65,112.50892857142857,101.1319,35934.0,97.6778,13.34000015258789,95.25,4963.52978515625,1.9752631578947368,50.58421052631579
2015-03-01,0.96,0.5238762029,99.6,101.8914,98.18272,105.6,25.68,51.18,46.37,47.41,-2.18,103.47935483870968,101.7868,36393.0,97.5969,15.289999961853027,98.36000061035156,4900.8798828125,2.0427272727272725,47.82363636363636
2015-04-01,0.75,0.2807114633,99.5,101.3355,98.11169,105.9,25.73,50.66,45.95,49.6,-0.48,99.56099999999999,102.7838,35374.0,98.0388,14.550000190734863,94.5999984741211,4941.419921875,1.935,54.45285714285714
2015-05-01,0.8,0.3196621474,100.1,100.8883,98.91391,106.1,25.99,50.42,44.74,48.24,-3.22,74.40903225806451,101.5082,36961.0,96.6031,13.84000015258789,96.91000366210938,5070.02978515625,2.1975000000000002,59.265
2015-06-01,0.81,0.2520777954,99.8,100.571,98.98512,106.8,26.38,50.51,46.51,51.12,0.74,85.28666666666666,101.4092,37058.0,96.1548,18.229999542236328,95.48999786376953,4986.8701171875,2.3636363636363638,59.819545454545455
2015-07-01,0.73,0.3945338797,100.1,101.2228,100.4515,106.0,26.56,50.86,47.25,50.38,0.23,106.23032258064515,101.7772,35599.0,95.954,12.119999885559082,97.37000274658203,5128.27978515625,2.3245454545454547,50.90090909090909
2015-08-01,0.8,0.9803493955,100.9,101.0367,101.4292,106.1,26.32,50.95,47.02,49.05,-1.29,80.77387096774193,101.1756,33985.0,95.4547,28.43000030517578,95.94999694824219,4776.509765625,2.1671428571428573,42.86761904761905
2015-09-01,0.84,0.4932108991,99.8,100.7547,100.7934,105.7,26.52,50.52,46.87,50.49,0.3,96.26666666666667,101.4714,32483.0,95.5937,24.5,96.3499984741211,4620.16015625,2.172857142857143,45.47952380952381
2015-10-01,1.08,0.2812426928,100.4,100.2675,103.4218,105.6,26.31,50.7,46.39,49.13,-1.7,86.38645161290323,100.0176,33238.0,94.3915,15.069999694824219,96.94999694824219,5053.75,2.07,46.22363636363636
2015-11-01,1.06,-0.3794832693,100.0,99.5298,101.6274,106.2,26.4,51.15,45.81,49.16,-2.68,146.28400000000002,97.9776,32139.0,92.6337,16.1299991607666,100.16999816894531,5108.669921875,2.263157894736842,42.4435
2015-12-01,1.17,-1.4395478509,99.2,99.0417,102.1344,105.9,26.36,51.31,47.48,51.26,1.1,140.498064516129,98.4676,30006.0,93.3243,18.209999084472656,98.62999725341797,5007.41015625,2.2427272727272727,37.18863636363636
2016-01-01,1.18,-0.0034840995,100.5,99.5607,102.458,105.4,26.72,51.03,45.54,47.86,-3.94,115.96322580645162,98.2355,27905.0,93.2252,20.200000762939453,99.61000061035156,4613.9501953125,2.0852631578947367,31.683157894736844
2016-02-01,1.36,-0.4117071291,99.8,99.0445,102.1779,105.4,26.53,50.45,47.79,50.59,1.84,101.22310344827585,96.5513,27125.0,92.2616,20.549999237060547,98.20999908447266,4557.9501953125,1.7795,30.323
2016-03-01,1.35,-0.9069666093,100.7,98.3096,103.0305,106.8,26.59,50.24,47.19,50.23,0.82,105.28774193548388,96.7929,28185.0,92.2253,13.949999809265137,94.58999633789062,4869.85009765625,1.8890909090909092,37.54636363636364
2016-04-01,1.09,-0.0418836809,100.3,98.6421,104.2878,106.0,26.69,49.45,46.24,50.76,0.59,83.627,94.5371,28287.0,90.674,15.699999809265137,93.08000183105469,4775.35986328125,1.805238095238095,40.7552380952381
2016-05-01,0.96,-0.7278686539,100.4,98.4184,105.6433,106.0,26.51,48.99,45.57,50.85,0.45,84.68806451612903,94.8499,29633.0,91.0481,14.1899995803833,95.88999938964844,4948.0498046875,1.8061904761904761,46.712380952380954
2016-06-01,0.81,-0.586020232,100.7,98.8833,107.0064,106.2,26.91,49.14,46.63,50.53,0.66,88.54733333333334,94.1477,30544.0,90.5199,15.630000114440918,96.13999938964844,4842.669921875,1.6440909090909093,48.75727272727273
2016-07-01,0.84,-0.861988912,102.0,98.9992,105.6908,106.0,26.97,49.71,46.59,49.84,-1.11,112.01290322580645,93.6195,30274.0,90.1033,11.869999885559082,95.52999877929688,5162.1298828125,1.504,44.6515
2016-08-01,1.02,-0.2693090699,101.7,98.85,104.8896,106.3,26.81,49.28,48.18,51.46,3.09,98.61064516129032,93.5225,30541.0,89.4455,13.420000076293945,96.0199966430664,5213.22021484375,1.556521739130435,44.72434782608696
2016-09-01,0.9,-0.6403245157,102.2,98.7457,105.7285,106.1,26.9,49.64,47.27,50.15,0.71,103.71666666666667,91.4917,30112.0,87.9869,13.289999961853027,95.45999908447266,5312.0,1.6304761904761906,45.18238095238095
2016-10-01,0.87,-0.349969573,104.1,98.7611,108.2415,106.1,27.33,50.23,46.75,49.3,-1.87,86.1658064516129,93.9838,31001.0,89.717,17.059999465942383,98.44999694824219,5189.14013671875,1.7645,49.775238095238095
2016-11-01,0.91,0.6971437166,104.7,98.3491,106.2647,106.2,27.61,50.9,47.31,50.76,-0.99,83.57966666666667,93.5075,31953.0,89.3497,13.329999923706055,101.5,5323.68017578125,2.1420000000000003,45.66095238095238
2016-12-01,0.86,1.5001626432,103.9,99.0214,104.8987,106.0,27.5,50.55,48.25,51.22,1.59,101.61999999999999,93.6673,33985.0,89.1209,14.039999961853027,102.38999938964844,5383.1201171875,2.491904761904762,51.9704761904762
2017-01-01,1.02,0.2874703386,105.6,98.7611,105.7581,106.3,26.73,49.65,46.07,49.97,-1.35,104.88967741935484,94.7086,34754.0,89.8138,11.989999771118164,99.51000213623047,5614.7900390625,2.4325,52.504
2017-02-01,1.13,0.6106719837,104.4,98.3646,107.0553,106.3,26.6,49.95,47.06,50.68,0.32,113.1907142857143,96.691,34634.0,91.4414,12.920000076293945,101.12000274658203,5825.43994140625,2.4189473684210525,53.46842105263158
2017-03-01,1.16,1.6245311665,104.2,99.0137,107.4443,107.6,26.3,49.56,47.82,51.91,2.61,98.49709677419354,97.2847,33777.0,91.764,12.369999885559082,100.3499984741211,5911.740234375,2.4817391304347827,49.32782608695652
2017-04-01,0.93,1.7396935282,105.6,100.0224,108.0137,106.5,26.34,49.07,46.21,51.28,0.67,115.10266666666666,97.1899,34005.0,91.2951,10.819999694824219,99.05000305175781,6047.60986328125,2.2973684210526315,51.060526315789474
2017-05-01,0.91,2.7026153714,106.6,100.1408,108.2729,106.5,26.86,49.33,47.22,52.76,2.05,101.37677419354839,98.6865,32889.0,92.1467,10.40999984741211,96.91999816894531,6198.52001953125,2.3036363636363637,48.47636363636364
2017-06-01,0.71,2.5405435992,106.8,100.3471,106.7035,107.6,27.24,49.21,48.23,53.56,3.37,126.944,98.8137,31399.0,92.1661,11.180000305175781,95.66000366210938,6140.419921875,2.186818181818182,45.177727272727275
2017-07-01,0.82,2.54816715,106.7,100.1068,106.9109,106.4,27.48,49.61,47.75,52.0,0.59,101.5974193548387,100.0805,32823.0,92.6055,10.260000228881836,92.86000061035156,6348.1201171875,2.318,46.630526315789474
2017-08-01,0.87,2.5552805471,106.8,99.6925,110.0302,106.0,27.33,49.31,48.03,51.96,1.44,137.11032258064517,99.5159,33920.0,91.4848,10.59000015258789,92.66999816894531,6428.66015625,2.2091304347826086,48.03695652173913
2017-09-01,0.74,2.4762762128,107.0,99.7954,110.5556,106.6,27.5,49.26,47.68,53.25,2.38,118.731,101.9091,36010.0,92.5695,9.510000228881836,93.08000183105469,6495.9599609375,2.202,49.822
2017-10-01,0.88,3.0598946105,105.7,101.0247,110.0814,106.2,27.29,49.73,47.41,51.87,0.09,91.91483870967743,103.2235,35921.0,93.6694,10.180000305175781,94.55000305175781,6727.669921875,2.3600000000000003,51.57772727272727
2017-11-01,0.87,3.4169215095,105.5,101.2664,115.104,106.1,27.17,50.3,48.59,53.36,2.37,93.25366666666667,105.9252,38021.0,95.1881,11.279999732971191,93.01000213623047,6873.97021484375,2.3533333333333335,56.63857142857143
2017-12-01,0.93,3.5595018801,104.7,101.4644,112.7984,106.2,26.96,50.1,48.52,51.85,1.66,84.61290322580645,105.9714,39434.0,94.7591,11.039999961853027,92.12000274658203,6903.39013671875,2.4025,57.8815
2018-01-01,0.82,2.8316264848,108.2,101.4625,113.2417,107.2,27.24,50.29,47.44,50.71,-0.88,91.99967741935482,106.7889,40635.0,94.2023,13.539999961853027,89.12999725341797,7411.47998046875,2.583809523809524,63.698571428571434
2018-02-01,0.85,3.1481240657,107.3,101.7085,114.3817,107.2,27.12,50.65,48.28,51.48,0.39,65.8225,108.9319,40565.0,95.23,19.850000381469727,90.61000061035156,7273.009765625,2.8589473684210525,62.22947368421052
2018-03-01,0.88,3.1410216674,107.9,102.2067,113.1409,106.0,26.99,50.67,48.17,51.78,0.31,109.24580645161289,111.1569,40167.0,95.9121,19.969999313354492,89.97000122070312,7063.4501953125,2.8423809523809522,62.724761904761905
2018-04-01,0.88,2.6083263572,108.5,103.3329,112.7216,107.0,26.92,50.54,47.02,51.95,-0.88,122.02666666666666,112.1323,40183.0,95.7546,15.930000305175781,91.83999633789062,7066.27001953125,2.869047619047619,66.25380952380952
2018-05-01,0.81,2.3255884367,110.6,102.4024,112.4851,106.8,26.82,50.51,47.1,52.58,-0.25,122.07612903225807,112.0912,39962.0,95.0312,15.430000305175781,93.98999786376953,7442.1201171875,2.977727272727273,69.97818181818182
2018-06-01,0.77,2.5257862528,110.2,103.198,114.7806,106.0,26.81,50.71,47.73,52.97,0.33,103.35666666666665,115.2838,40360.0,96.2642,16.09000015258789,94.62999725341797,7510.2998046875,2.9123809523809525,67.87333333333333
2018-07-01,0.83,2.1920501405,109.9,103.3646,113.5731,106.0,26.83,51.4,48.38,52.73,-0.25,109.5583870967742,117.8029,41147.0,97.3381,12.829999923706055,94.48999786376953,7671.7900390625,2.889047619047619,70.98142857142857
2018-08-01,0.78,2.5779707465,109.6,104.0327,115.3802,106.1,27.02,51.61,49.03,52.44,-0.36,113.04548387096774,122.3271,41796.0,99.6674,12.859999656677246,95.13999938964844,8109.5400390625,2.889130434782609,68.05565217391305
2018-09-01,0.8,2.1521079479,110.1,104.1004,116.2728,105.8,27.14,51.54,47.37,52.8,-1.52,73.96366666666667,122.7068,43193.0,99.0686,12.119999885559082,95.19000244140625,8046.35009765625,3.004210526315789,70.2321052631579
2018-10-01,1.02,2.0938587367,110.3,103.9856,119.1606,105.9,27.29,52.17,48.19,51.94,-2.23,92.58290322580646,122.9406,42757.0,98.2064,21.229999542236328,97.12999725341797,7305.89990234375,3.152272727272727,70.74869565217391
2018-11-01,0.83,0.6583664988,110.2,104.0681,115.2904,105.4,26.87,52.99,48.11,52.37,-2.21,79.83366666666667,124.8729,40138.0,98.4604,18.06999969482422,97.2699966430664,7330.5400390625,3.117,56.963499999999996
2018-12-01,0.93,0.1545046257,111.2,104.0936,115.4519,105.7,26.07,53.22,47.15,53.04,-1.69,86.58,126.682,38047.0,98.7635,25.420000076293945,96.16999816894531,6635.27978515625,2.8326315789473684,49.522777777777776
2019-01-01,0.93,0.9052618533,111.2,103.4021,114.727,105.3,25.44,52.35,48.07,51.44,-0.52,87.50774193548386,126.8843,39061.0,98.2472,16.56999969482422,95.58000183105469,7281.740234375,2.713809523809524,51.37571428571429
2019-02-01,0.96,0.3571901337,110.9,102.8371,114.4899,105.3,25.48,52.17,48.4,52.11,0.54,98.55571428571429,123.7277,39976.0,95.6439,14.779999732971191,96.16000366210938,7532.52978515625,2.6763157894736844,54.95473684210527
2019-03-01,1.17,-0.0687239162,111.2,102.8757,116.2688,108.5,25.04,52.29,46.89,52.44,-0.49,79.65645161290323,126.4961,40575.0,96.3104,13.710000038146973,97.27999877929688,7729.31982421875,2.570952380952381,58.151428571428575
2019-04-01,1.0,-0.3886248823,113.3,102.274,116.1259,105.4,25.13,52.12,47.72,52.69,0.2,78.964,129.8612,41198.0,97.6767,13.119999885559082,97.4800033569336,8095.39013671875,2.532380952380952,63.862380952380946
2019-05-01,0.86,0.1215232649,112.9,102.392,117.8522,105.0,24.79,52.06,46.81,53.33,0.0,105.10290322580646,130.6128,39532.0,97.5414,18.709999084472656,97.75,7453.14990234375,2.395,60.82681818181818
2019-06-01,0.9,-0.8482420352,114.7,102.4375,116.7972,106.3,24.86,52.11,47.46,53.62,0.69,103.33166666666666,132.1394,38222.0,97.8485,15.079999923706055,96.12999725341797,8006.240234375,2.074,54.657500000000006
2019-07-01,0.94,-0.6802823202,114.1,101.9408,118.5474,104.8,24.52,51.99,48.55,53.58,2.19,93.06064516129032,128.6592,38181.0,95.0722,16.1200008392334,98.5199966430664,8175.419921875,2.059090909090909,57.35809523809524
2019-08-01,0.95,-1.2840485206,114.7,102.639,114.0543,104.4,24.66,52.96,48.81,53.27,1.01,106.01612903225806,133.9838,37614.0,97.9704,18.979999542236328,98.91999816894531,7962.8798828125,1.6263636363636365,54.80590909090909
2019-09-01,0.93,-0.5073850573,114.6,102.2917,111.0008,105.8,23.16,53.0,47.46,53.4,1.45,92.55133333333333,135.0291,37506.0,98.3701,16.239999771118164,99.37999725341797,7999.33984375,1.6995,56.947
2019-10-01,1.0,-1.7322873308,114.9,101.4281,111.2068,104.7,24.59,53.34,47.73,52.57,-0.99,95.2074193548387,136.767,37066.0,99.0561,13.220000267028809,97.3499984741211,8292.3603515625,1.7068181818181818,53.96304347826087
2019-11-01,0.99,-1.3275581303,112.9,101.9372,117.9999,106.2,24.45,54.16,47.8,53.27,-0.83,73.70866666666667,136.7113,38512.0,98.7555,12.619999885559082,98.2699966430664,8665.4697265625,1.8121052631578947,57.048947368421054
2019-12-01,1.12,-1.6137073801,112.3,101.7003,115.4566,106.9,24.32,54.49,47.7,53.81,-0.26,72.31258064516129,137.4773,39185.0,99.2129,13.779999732971191,96.38999938964844,8972.599609375,1.8628571428571428,59.81666666666667
2020-01-01,1.18,-1.168716369,112.8,101.0338,117.0925,86.5,24.12,54.11,46.05,47.93,-7.2,139.87064516129033,137.5497,38137.0,99.6085,18.84000015258789,97.38999938964844,9150.9404296875,1.7576190476190479,57.519047619047626
2020-02-01,1.24,-0.8759644067,113.9,101.3735,116.4763,86.5,23.45,54.06,47.11,48.14,-4.91,75.72689655172414,136.8962,36400.0,98.6038,40.11000061035156,98.12999725341797,8567.3701171875,1.5042105263157897,50.54263157894737
2020-03-01,1.18,-6.7512694029,113.0,97.4078,94.19592,98.9,23.29,54.33,43.26,47.88,-9.14,82.76677419354839,136.0303,28587.0,98.0579,53.540000915527344,99.05000305175781,7700.10009765625,0.87,29.207727272727276
2020-04-01,1.12,-19.8217876821,108.4,84.5619,49.61062,103.9,25.05,52.73,35.18,48.51,-16.01,69.765,127.4167,25199.0,92.7113,34.150001525878906,99.0199966430664,8889.5498046875,0.6576190476190477,16.547619047619047
2020-05-01,0.99,-17.1807221519,105.5,85.9604,79.07681,104.4,20.53,46.03,37.27,49.12,-1.96,69.50193548387097,104.5475,26299.0,78.6832,27.510000228881836,98.33999633789062,9489.8701171875,0.674,28.5625
2020-06-01,0.91,-10.5938314173,106.4,91.5934,97.29153,104.8,18.78,46.8,40.49,49.59,1.77,71.60433333333334,112.7894,28262.0,84.5198,30.43000030517578,97.38999938964844,10058.76953125,0.7286363636363636,38.307272727272725
2020-07-01,0.89,-6.7729561725,108.2,95.0256,105.6832,104.8,19.38,47.67,42.37,49.8,1.88,68.53032258064516,118.9753,28552.0,88.3102,24.459999084472656,93.48999786376953,10745.26953125,0.6236363636363637,40.710454545454546
2020-08-01,0.86,-5.3322654254,111.0,95.9549,106.1583,105.6,20.06,47.95,42.01,49.78,0.59,64.93096774193548,113.8319,29795.0,85.508,26.40999984741211,92.13999938964844,11775.4599609375,0.65,42.33904761904762
2020-09-01,0.96,-4.8382997994,110.0,95.9669,112.1846,106.9,20.23,47.8,42.88,50.39,2.15,83.04199999999999,117.4397,28319.0,87.6616,26.3700008392334,93.88999938964844,11167.509765625,0.6795238095238095,39.63428571428571
2020-10-01,0.87,-2.8020523897,109.9,96.7394,116.3681,106.9,20.77,47.65,42.89,49.42,0.79,76.71096774193548,111.9053,27188.0,84.4264,38.02000045776367,94.04000091552734,10911.58984375,0.7871428571428571,39.39590909090909
2020-11-01,1.09,-2.0489571204,111.7,97.0816,116.1108,107.0,21.41,48.79,42.98,50.13,0.02,70.36533333333334,118.2808,29141.0,88.5437,20.56999969482422,91.87000274658203,12198.740234375,0.8700000000000001,40.93736842105263
2020-12-01,0.8,-1.2770722723,115.3,98.363,117.4653,107.3,21.57,49.34,43.28,50.66,0.72,62.28806451612903,118.4432,31012.0,88.7582,22.75,89.94000244140625,12888.2802734375,0.9336363636363636,47.025
2021-01-01,0.81,-0.7051853364,111.5,98.8822,116.7576,114.1,21.59,49.38,41.88,50.95,-0.95,74.98258064516129,119.3212,32712.0,89.852,33.09000015258789,90.58000183105469,13070.6904296875,1.0810526315789473,52.008421052631576
2021-02-01,0.64,-2.5285700142,112.6,95.6149,116.609,114.1,21.18,47.95,42.04,52.26,3.65,72.32428571428571,105.9713,34642.0,79.9949,27.950000762939453,90.93000030517578,13192.349609375,1.2578947368421052,59.04631578947369
2021-03-01,0.89,5.460429305,113.9,98.3856,116.7046,114.1,21.29,49.74,43.64,52.06,1.84,77.55322580645162,120.7977,35425.0,90.7083,19.399999618530273,93.2300033569336,13246.8701171875,1.6108695652173912,62.333043478260876
2021-04-01,0.76,23.2746738905,115.9,98.5587,115.8919,109.8,21.27,49.31,43.33,52.44,1.78,84.632,121.3844,34505.0,91.7871,18.610000610351562,91.27999877929688,13962.6796875,1.635,61.71666666666666
2021-05-01,0.79,18.2535755081,116.8,99.4333,101.1032,108.8,21.75,49.35,43.24,52.87,1.16,90.02741935483871,122.8609,36146.0,92.7262,16.760000228881836,89.83999633789062,13748.740234375,1.621,65.1695
2021-06-01,0.84,11.2366125416,116.4,99.7987,110.9549,108.3,22.27,49.42,45.53,53.39,3.57,73.62966666666667,122.8354,36515.0,92.8944,15.829999923706055,92.44000244140625,14503.9501953125,1.5190909090909093,71.37818181818182
2021-07-01,0.92,7.0721921078,116.5,100.2519,117.8436,106.4,22.89,50.03,45.54,53.01,1.55,56.993870967741934,123.2021,37802.0,93.2453,18.239999771118164,92.16999816894531,14672.6796875,1.3185714285714287,72.4852380952381
2021-08-01,0.81,4.5793664115,115.8,100.0437,119.6326,105.3,22.86,49.76,45.69,52.68,1.98,87.94903225806452,121.4114,38001.0,92.3358,16.479999542236328,92.62999725341797,15259.240234375,1.2831818181818182,67.73045454545455
2021-09-01,0.92,2.5978681867,117.9,98.8579,117.3245,103.1,23.18,49.71,46.04,53.3,2.66,79.08866666666667,117.2195,39162.0,90.0382,23.139999389648438,94.25,14448.580078125,1.3747619047619049,71.64619047619047
2021-10-01,0.98,2.4735354265,119.2,100.1861,121.3427,103.5,23.45,50.69,46.28,52.19,0.45,78.00967741935484,123.8712,40661.0,93.744,16.260000228881836,94.12000274658203,15498.3896484375,1.5825,81.47666666666666
2021-11-01,0.92,3.0290191364,119.9,100.8654,116.9877,103.8,23.79,51.13,46.66,52.9,0.68,85.21233333333333,125.3885,41526.0,94.5769,27.190000534057617,95.98999786376953,15537.6904296875,1.5595,79.14750000000001
2021-12-01,0.88,2.7695903756,121.7,100.5726,118.5863,104.3,23.8,50.69,47.57,53.47,2.78,100.07806451612903,124.5714,40142.0,94.3004,17.219999313354492,95.66999816894531,15644.9697265625,1.4649999999999999,71.71181818181819
2022-01-01,0.91,1.6031667301,121.7,100.1856,119.0099,105.0,23.79,50.79,44.43,52.77,-0.96,130.11193548387095,122.5644,41806.0,92.1644,24.829999923706055,96.54000091552734,14239.8798828125,1.764,83.22200000000001
2022-02-01,0.89,4.0758607339,121.7,100.8064,117.9887,105.0,24.45,51.38,46.6,53.86,1.09,213.19607142857143,122.7717,43960.0,92.2419,30.149999618530273,96.70999908447266,13751.400390625,1.9342105263157894,91.64105263157894
2022-03-01,1.04,1.9777443941,121.7,101.3907,119.2456,105.0,24.09,51.64,46.13,53.09,-0.65,306.99,126.2353,48033.0,94.2122,20.559999465942383,98.30999755859375,14220.51953125,2.1278260869565218,108.50260869565217
2022-04-01,0.83,1.7169108912,121.7,101.44,123.8863,97.1,24.37,50.73,44.48,53.44,-1.36,188.6663333333333,126.4918,46527.0,94.1019,33.400001525878906,102.95999908447266,12334.6396484375,2.7475,101.7775
2022-05-01,0.84,2.1022584046,121.7,101.3335,120.8571,100.7,23.89,50.56,44.94,54.26,-0.05,138.1422580645161,126.4243,53313.0,93.7876,26.190000534057617,101.75,12081.3896484375,2.8980952380952383,109.55238095238094
2022-06-01,0.92,1.4410764985,121.7,101.018,125.1665,103.9,24.02,50.73,46.11,54.9,1.25,127.80833333333334,128.3347,53061.0,94.5837,28.709999084472656,104.69000244140625,11028.740234375,3.1433333333333335,114.83714285714285
2022-07-01,0.94,0.8777885783,121.7,101.223,120.5761,103.8,24.24,51.45,45.7,54.53,-0.65,113.90290322580645,129.3709,51180.0,95.134,21.329999923706055,105.9000015258789,12390.6904296875,2.896,101.619
2022-08-01,0.94,2.0526601825,121.7,101.0963,118.4695,104.2,25.17,51.57,46.53,54.26,-0.63,131.28387096774193,129.9953,47648.0,94.8767,25.8700008392334,108.69999694824219,11816.2001953125,2.8978260869565218,93.66521739130435
2022-09-01,0.88,3.4321138181,121.7,101.2918,121.3596,106.3,25.31,51.96,46.13,54.94,-0.89,128.052,132.8355,46709.0,96.3259,31.6200008392334,112.12000274658203,10575.6201171875,3.5190476190476194,84.25809523809524
2022-10-01,0.97,1.3863658683,121.7,101.2529,116.3506,105.0,24.91,52.32,45.04,53.8,-3.27,138.94,132.1729,49284.0,95.4249,25.8799991607666,111.52999877929688,10988.150390625,3.9835000000000003,87.5547619047619
2022-11-01,0.73,0.2371828473,121.7,100.9552,125.8132,102.2,24.61,52.73,46.0,54.37,-1.9,113.91799999999999,132.1196,49004.0,94.9808,20.579999923706055,105.94999694824219,11468.0,3.8909999999999996,84.37047619047618
2022-12-01,0.8,-0.7419433219,121.7,99.7664,124.9108,101.3,24.66,52.1,45.95,55.0,0.3,108.7290322580645,129.3304,49418.0,92.3917,21.670000076293945,103.5199966430664,10466.48046875,3.616190476190476,76.43714285714286
2023-01-01,0.88,-0.4250750498,121.7,100.505,125.6181,103.9,24.05,52.74,43.98,53.95,-3.45,100.22516129032257,135.4897,49266.0,96.5525,19.399999618530273,102.0999984741211,11584.5498046875,3.5315,78.123
2023-02-01,0.97,-0.3975668571,121.7,100.6416,125.6181,103.9,24.34,53.06,46.2,55.35,-0.43,118.7807142857143,135.6246,47543.0,96.3852,20.700000762939453,104.87000274658203,11455.5400390625,3.7468421052631578,76.83263157894737
2023-03-01,1.23,-0.2390485152,121.7,101.0205,125.6181,103.9,24.55,52.85,45.86,55.15,-1.33,102.29193548387097,136.613,45460.0,96.6387,18.700000762939453,102.51000213623047,12221.91015625,3.6630434782608696,73.27782608695652
2023-04-01,0.99,-0.5689310323,121.7,101.253,125.6181,105.6,24.56,52.2,44.5,55.53,-2.07,104.49566666666666,136.1916,45114.0,96.0582,15.779999732971191,101.66999816894531,12226.580078125,3.46,79.44631578947369
2023-05-01,0.94,-0.4744208948,121.7,100.9286,125.6181,103.5,24.09,52.08,45.45,56.0,-0.18,104.40387096774194,136.9696,43115.0,96.2779,17.940000534057617,104.31999969482422,12935.2900390625,3.5736363636363637,71.57818181818182
2023-06-01,1.08,-0.9047050581,121.7,100.1196,125.6181,104.4,24.23,52.4,46.59,56.55,0.65,109.10300000000001,137.622,42902.0,96.2822,13.59000015258789,102.91000366210938,13787.919921875,3.7480952380952384,70.24809523809525
2023-07-01,1.19,-0.903982723,121.7,100.9067,125.6181,103.7,23.39,52.62,45.68,56.11,-0.2,103.76032258064517,138.8995,44618.0,96.8253,13.630000114440918,101.86000061035156,14346.01953125,3.8994999999999997,76.0695
2023-08-01,1.19,-1.1750988766,121.7,100.8393,125.6181,104.5,23.18,52.39,46.3,55.76,0.31,98.74225806451612,139.0001,46450.0,96.6594,13.569999694824219,103.62000274658203,14034.9697265625,4.167826086956522,81.38608695652174
2023-09-01,1.48,-1.4172813209,121.7,101.0211,125.6181,104.5,23.82,52.71,45.6,56.41,-0.8,96.93533333333333,140.6596,48021.0,97.4467,17.520000457763672,106.16999816894531,13219.3203125,4.379,89.425
2023-10-01,1.35,-0.9777015515,121.7,100.4689,125.6181,104.6,23.71,53.02,46.2,55.27,-1.63,194.01032258064515,139.6284,47451.0,96.41,18.139999389648438,106.66000366210938,12851.240234375,4.798095238095239,85.63952380952381
2023-11-01,1.4,-0.7685900747,121.7,100.8639,125.6181,106.6,23.77,53.73,46.35,56.02,-1.51,153.8273333333333,140.9522,47385.0,96.8914,12.920000076293945,103.5,14226.2197265625,4.502857142857143,77.685
2023-12-01,1.35,0.0669932613,121.7,100.6031,125.6181,106.6,23.7,54.06,45.94,56.62,-1.32,139.56612903225806,140.945,46414.0,96.5743,12.449999809265137,101.33000183105469,15011.349609375,4.0200000000000005,71.9
2024-01-01,1.25,-1.4048457327,121.7,99.2223,125.6181,106.6,23.54,52.83,44.55,55.19,-1.68,156.52032258064517,134.2553,45223.0,91.9042,14.350000381469727,103.2699966430664,15164.009765625,4.058095238095238,74.15238095238095
2024-02-01,1.44,-1.3404892141,121.7,100.285,125.6181,106.6,23.84,53.21,45.3,56.6,-0.76,144.12862068965518,141.3976,45436.0,96.5519,13.399999618530273,104.16000366210938,16091.919921875,4.2075000000000005,77.249
2024-03-01,1.39,-1.2571713775,121.7,100.4575,125.6181,106.6,24.18,53.3,44.92,56.4,-2.16,155.18,140.216,45612.0,95.2345,13.010000228881836,104.55000305175781,16379.4599609375,4.2085,81.27799999999999
